text,source,date
"The app logs out every time I switch to another app, so I have to sign in again before every run.",App Store,2026-08-04
"GPS tracking drifts a lot in the city, my 5K showed as 6.3K.",Google Play,2026-08-05
"Love the weekly training plan, it actually got me to run three times a week.",Survey,2026-08-06
"Battery drains 40% in a one hour run. My old app used half that.",App Store,2026-08-07
"Please add Apple Watch support, I don't want to carry my phone.",Survey,2026-08-08
"The voice coach is motivating without being annoying. Nice touch.",Google Play,2026-08-10
"Subscription renewed without any reminder email. Not cool.",Email,2026-08-11
"Keeps logging me out. Third time this week.",Google Play,2026-08-12
"Route map is beautiful, I share it after every run.",Twitter,2026-08-13
"Pace jumps around like crazy when I run under trees.",App Store,2026-08-14
"Would be great to export runs to Strava.",Survey,2026-08-15
"Cancelling the subscription is hidden five screens deep.",Email,2026-08-17
"Training plan adjusted after I missed a week, exactly what I needed.",App Store,2026-08-18
"App crashes when I pause and resume a run.",Google Play,2026-08-19
"Phone gets hot and the battery is gone after a long run.",Survey,2026-08-20
"Support answered my refund question within an hour, thank you.",Email,2026-08-21
"Garmin sync please! It's the only thing missing.",Twitter,2026-08-22
"I lost my whole half marathon because the app crashed at km 17.",App Store,2026-08-24
"Distance is off by almost a kilometre on every run.",Google Play,2026-08-25
"The recovery tips after each run are genuinely useful.",Survey,2026-08-26
"Why does it ask me to log in again every morning?",App Store,2026-08-27
"Charged twice for the yearly plan and still waiting on a refund.",Email,2026-08-28
"Heart rate zones would make the plans so much better.",Survey,2026-08-29
"Crashed again when I paused at a traffic light.",Google Play,2026-08-31
"Clean design, easy to start a run with one tap.",App Store,2026-09-01
"Battery usage is terrible since the last update.",Google Play,2026-09-02
"The plan is too easy for experienced runners, needs an advanced mode.",Survey,2026-09-03
"Signed out again mid-week, lost my streak.",App Store,2026-09-04
"GPS lost signal for 2 km and just drew a straight line.",Twitter,2026-09-05
"Customer support fixed my double charge quickly.",Email,2026-09-07
"Please let me use it on my watch without the phone.",Survey,2026-09-08
"Run saved as 0 km after the app crashed during a pause.",Google Play,2026-09-09
"The monthly challenge badges keep me coming back.",Twitter,2026-09-10
"Price went up and I only found out on my bank statement.",Email,2026-09-11
"Accuracy on trails is way off, elevation is nonsense.",App Store,2026-09-12
"Logs me out whenever my phone restarts. Please fix.",Google Play,2026-09-14
"Coach voice in Indonesian would be amazing.",Survey,2026-09-15
"Drains my battery even when I'm not running.",App Store,2026-09-16
"Best running app I've tried for beginners.",Twitter,2026-09-17
"App froze at the finish and didn't save my 10K.",Google Play,2026-09-18
"Couldn't find how to cancel, had to email support.",Email,2026-09-19
"Would love a dark map theme for night runs.",Survey,2026-09-21
"Session expired again, had to reset my password.",App Store,2026-09-22
"GPS is much better on the new update, nice.",Google Play,2026-09-23
"Crash when I switch music apps during a run.",App Store,2026-09-24
"Love the weekly recap email with my progress.",Email,2026-09-25
